-- phpMyAdmin SQL Dump
-- version 4.8.3
-- https://www.phpmyadmin.net/
--
-- Хост: 127.0.0.1
-- Время создания: Ноя 02 2018 г., 13:21
-- Версия сервера: 10.1.36-MariaDB
-- Версия PHP: 7.1.23

SET SQL_MODE = "NO_AUTO_VALUE_ON_ZERO";
SET AUTOCOMMIT = 0;
START TRANSACTION;
SET time_zone = "+00:00";


/*!40101 SET @OLD_CHARACTER_SET_CLIENT=@@CHARACTER_SET_CLIENT */;
/*!40101 SET @OLD_CHARACTER_SET_RESULTS=@@CHARACTER_SET_RESULTS */;
/*!40101 SET @OLD_COLLATION_CONNECTION=@@COLLATION_CONNECTION */;
/*!40101 SET NAMES utf8mb4 */;

--
-- База данных: `orbeli_db`
--

-- --------------------------------------------------------

--
-- Структура таблицы `authors`
--

CREATE TABLE `authors` (
  `id` int(10) UNSIGNED NOT NULL,
  `name` varchar(191) COLLATE utf8mb4_unicode_ci NOT NULL,
  `lastname` varchar(191) COLLATE utf8mb4_unicode_ci NOT NULL,
  `sub_name` varchar(191) COLLATE utf8mb4_unicode_ci NOT NULL,
  `img` varchar(191) COLLATE utf8mb4_unicode_ci NOT NULL,
  `biography` text COLLATE utf8mb4_unicode_ci NOT NULL,
  `lang_id` int(10) UNSIGNED NOT NULL
) ENGINE=InnoDB DEFAULT CHARSET=utf8mb4 COLLATE=utf8mb4_unicode_ci;

--
-- Дамп данных таблицы `authors`
--

INSERT INTO `authors` (`id`, `name`, `lastname`, `sub_name`, `img`, `biography`, `lang_id`) VALUES
(1, 'Ջորջ', 'Բալանդիերի', 'Թուրքագետ', 'photos/1/authors/team26.jpg', 'Հայ Լեզուն Տունն Է Հայուն… Հայ լեզուն տունն է հայուն աշխարհիս չորս ծագերուն, Ուր կը մտնէ ամէն հայ իբրեւ տանտէր հարազատ, Կ՛ըստանայ սէր ու սնունդ, սրտի հպարտ ցնծութիւն Եւ բորեանէն ու բուքէն հոն կը մնայ միշտ ազատ։ Քանի՜ դարեր եւ քանի՜ ճարտարապետ հանճարներ Աշխատեցան անոր տալ վեհութիւն, գեղ ու պերճանք, Քանի՜ գեղջուկ բանուորներ տքնեցան տիւ եւ գիշեր, Որոնք թաղուած են հիմա մոռացութեան մութին տակ։ Մշտանորոգ ու միշտ հին՝ ան կը տեւէ դարէ դար, Իր ճրագները՝ միշտ լոյս, իր օճախին հուրը՝ վա՛ռ, Բարիքներով անսպառ լեցուն ամբարն ու մառան։ Հո՛ն է միայն, որ կրնայ գտնել ամէն հայ կրկին Խաժամուժին մէջ օտար կորսնցուցած իր հոգին, Անցեալն անհուն եւ ներկան, նոյն իսկ մթի՜ն ապագան… Եթէ ՔԻՓԼԻՆԿ (անգլիացի բանաստեղծ) Եթէ կրնաս պահել գլուխդ առանձին, Երբ խուճապի մէջ է չորս դիդ ամէն մարդ, Եթէ կրնաս վստահ ըլլալ քու անձին, Երբ ուրիշներ կը կասկածին քու վրադ, Եթէ կրնաս միշտ սպասել անձանձիր, Կամ չստել՝ շրջապատուած սուտերով, Ատողներու միջեւ մնալ սիրալիր, Եթէ կրնաս ըլլալ բարի, բայց ուժո՛վ. Եթէ կրնաս դուն երազել եւ սակայն Չըլլալ գերին երազներուդ գերիշխող, Յաղթանակէն ետք հանդիպիլ պարտութեան Եւ նո՛յն ձեւով ընդունիլ զոյգն այս խաբող. Եթէ կրնաս լսել քու խօսքդ վճիտ Չարափոխուած յիմարներու ծուղակի Ու խորտակուած տեսնել մեծ երկը կեանքիդ, Բայց վերստին զայն շինելու գաս ծունկի.', 3),
(2, 'Ա.', 'ՀՈՎՀԱՆՆԻՍՅԱՆ', 'Թուրքագետ', 'photos/1/authors/team27.jpg', 'Հայ Լեզուն Տունն Է Հայուն… Հայ լեզուն տունն է հայուն աշխարհիս չորս ծագերուն, Ուր կը մտնէ ամէն հայ իբրեւ տանտէր հարազատ, Կ՛ըստանայ սէր ու սնունդ, սրտի հպարտ ցնծութիւն Եւ բորեանէն ու բուքէն հոն կը մնայ միշտ ազատ։ Քանի՜ դարեր եւ քանի՜ ճարտարապետ հանճարներ Աշխատեցան անոր տալ վեհութիւն, գեղ ու պերճանք, Քանի՜ գեղջուկ բանուորներ տքնեցան տիւ եւ գիշեր, Որոնք թաղուած են հիմա մոռացութեան մութին տակ։ Մշտանորոգ ու միշտ հին՝ ան կը տեւէ դարէ դար, Իր ճրագները՝ միշտ լոյս, իր օճախին հուրը՝ վա՛ռ, Բարիքներով անսպառ լեցուն ամբարն ու մառան։ Հո՛ն է միայն, որ կրնայ գտնել ամէն հայ կրկին Խաժամուժին մէջ օտար կորսնցուցած իր հոգին, Անցեալն անհուն եւ ներկան, նոյն իսկ մթի՜ն ապագան… Եթէ ՔԻՓԼԻՆԿ (անգլիացի բանաստեղծ) Եթէ կրնաս պահել գլուխդ առանձին, Երբ խուճապի մէջ է չորս դիդ ամէն մարդ, Եթէ կրնաս վստահ ըլլալ քու անձին, Երբ ուրիշներ կը կասկածին քու վրադ, Եթէ կրնաս միշտ սպասել անձանձիր, Կամ չստել՝ շրջապատուած սուտերով, Ատողներու միջեւ մնալ սիրալիր, Եթէ կրնաս ըլլալ բարի, բայց ուժո՛վ. Եթէ կրնաս դուն երազել եւ սակայն Չըլլալ գերին երազներուդ գերիշխող, Յաղթանակէն ետք հանդիպիլ պարտութեան Եւ նո՛յն ձեւով ընդունիլ զոյգն այս խաբող. Եթէ կրնաս լսել քու խօսքդ վճիտ Չարափոխուած յիմարներու ծուղակի Ու խորտակուած տեսնել մեծ երկը կեանքիդ, Բայց վերստին զայն շինելու գաս ծունկի.', 3),
(3, 'Armine', 'Badalyan', 'Դոցենտ', 'photos/1/authors/team28.jpg', 'Հայ Լեզուն Տունն Է Հայուն… Հայ լեզուն տունն է հայուն աշխարհիս չորս ծագերուն, Ուր կը մտնէ ամէն հայ իբրեւ տանտէր հարազատ, Կ՛ըստանայ սէր ու սնունդ, սրտի հպարտ ցնծութիւն Եւ բորեանէն ու բուքէն հոն կը մնայ միշտ ազատ։ Քանի՜ դարեր եւ քանի՜ ճարտարապետ հանճարներ Աշխատեցան անոր տալ վեհութիւն, գեղ ու պերճանք, Քանի՜ գեղջուկ բանուորներ տքնեցան տիւ եւ գիշեր, Որոնք թաղուած են հիմա մոռացութեան մութին տակ։ Մշտանորոգ ու միշտ հին՝ ան կը տեւէ դարէ դար, Իր ճրագները՝ միշտ լոյս, իր օճախին հուրը՝ վա՛ռ, Բարիքներով անսպառ լեցուն ամբարն ու մառան։ Հո՛ն է միայն, որ կրնայ գտնել ամէն հայ կրկին Խաժամուժին մէջ օտար կորսնցուցած իր հոգին, Անցեալն անհուն եւ ներկան, նոյն իսկ մթի՜ն ապագան… Եթէ ՔԻՓԼԻՆԿ (անգլիացի բանաստեղծ) Եթէ կրնաս պահել գլուխդ առանձին, Երբ խուճապի մէջ է չորս դիդ ամէն մարդ, Եթէ կրնաս վստահ ըլլալ քու անձին, Երբ ուրիշներ կը կասկածին քու վրադ, Եթէ կրնաս միշտ սպասել անձանձիր, Կամ չստել՝ շրջապատուած սուտերով, Ատողներու միջեւ մնալ սիրալիր, Եթէ կրնաս ըլլալ բարի, բայց ուժո՛վ. Եթէ կրնաս դուն երազել եւ սակայն Չըլլալ գերին երազներուդ գերիշխող, Յաղթանակէն ետք հանդիպիլ պարտութեան Եւ նո՛յն ձեւով ընդունիլ զոյգն այս խաբող. Եթէ կրնաս լսել քու խօսքդ վճիտ Չարափոխուած յիմարներու ծուղակի Ու խորտակուած տեսնել մեծ երկը կեանքիդ, Բայց վերստին զայն շինելու գաս ծունկի.', 3),
(4, 'Ջորջ', 'Բալանդիերի', 'Քաղաքագետ ', 'team29.jpg', 'Հայ Լեզուն Տունն Է Հայուն… Հայ լեզուն տունն է հայուն աշխարհիս չորս ծագերուն, Ուր կը մտնէ ամէն հայ իբրեւ տանտէր հարազատ, Կ՛ըստանայ սէր ու սնունդ, սրտի հպարտ ցնծութիւն Եւ բորեանէն ու բուքէն հոն կը մնայ միշտ ազատ։ Քանի՜ դարեր եւ քանի՜ ճարտարապետ հանճարներ Աշխատեցան անոր տալ վեհութիւն, գեղ ու պերճանք, Քանի՜ գեղջուկ բանուորներ տքնեցան տիւ եւ գիշեր, Որոնք թաղուած են հիմա մոռացութեան մութին տակ։ Մշտանորոգ ու միշտ հին՝ ան կը տեւէ դարէ դար, Իր ճրագները՝ միշտ լոյս, իր օճախին հուրը՝ վա՛ռ, Բարիքներով անսպառ լեցուն ամբարն ու մառան։ Հո՛ն է միայն, որ կրնայ գտնել ամէն հայ կրկին Խաժամուժին մէջ օտար կորսնցուցած իր հոգին, Անցեալն անհուն եւ ներկան, նոյն իսկ մթի՜ն ապագան… Եթէ ՔԻՓԼԻՆԿ (անգլիացի բանաստեղծ) Եթէ կրնաս պահել գլուխդ առանձին, Երբ խուճապի մէջ է չորս դիդ ամէն մարդ, Եթէ կրնաս վստահ ըլլալ քու անձին, Երբ ուրիշներ կը կասկածին քու վրադ, Եթէ կրնաս միշտ սպասել անձանձիր, Կամ չստել՝ շրջապատուած սուտերով, Ատողներու միջեւ մնալ սիրալիր, Եթէ կրնաս ըլլալ բարի, բայց ուժո՛վ. Եթէ կրնաս դուն երազել եւ սակայն Չըլլալ գերին երազներուդ գերիշխող, Յաղթանակէն ետք հանդիպիլ պարտութեան Եւ նո՛յն ձեւով ընդունիլ զոյգն այս խաբող. Եթէ կրնաս լսել քու խօսքդ վճիտ Չարափոխուած յիմարներու ծուղակի Ու խորտակուած տեսնել մեծ երկը կեանքիդ, Բայց վերստին զայն շինելու գաս ծունկի.', 3),
(5, 'Ջորջ', 'Բալանդիերի', 'Հայագետ ', 'team30.jpg', 'Հայ Լեզուն Տունն Է Հայուն… Հայ լեզուն տունն է հայուն աշխարհիս չորս ծագերուն, Ուր կը մտնէ ամէն հայ իբրեւ տանտէր հարազատ, Կ՛ըստանայ սէր ու սնունդ, սրտի հպարտ ցնծութիւն Եւ բորեանէն ու բուքէն հոն կը մնայ միշտ ազատ։ Քանի՜ դարեր եւ քանի՜ ճարտարապետ հանճարներ Աշխատեցան անոր տալ վեհութիւն, գեղ ու պերճանք, Քանի՜ գեղջուկ բանուորներ տքնեցան տիւ եւ գիշեր, Որոնք թաղուած են հիմա մոռացութեան մութին տակ։ Մշտանորոգ ու միշտ հին՝ ան կը տեւէ դարէ դար, Իր ճրագները՝ միշտ լոյս, իր օճախին հուրը՝ վա՛ռ, Բարիքներով անսպառ լեցուն ամբարն ու մառան։ Հո՛ն է միայն, որ կրնայ գտնել ամէն հայ կրկին Խաժամուժին մէջ օտար կորսնցուցած իր հոգին, Անցեալն անհուն եւ ներկան, նոյն իսկ մթի՜ն ապագան… Եթէ ՔԻՓԼԻՆԿ (անգլիացի բանաստեղծ) Եթէ կրնաս պահել գլուխդ առանձին, Երբ խուճապի մէջ է չորս դիդ ամէն մարդ, Եթէ կրնաս վստահ ըլլալ քու անձին, Երբ ուրիշներ կը կասկածին քու վրադ, Եթէ կրնաս միշտ սպասել անձանձիր, Կամ չստել՝ շրջապատուած սուտերով, Ատողներու միջեւ մնալ սիրալիր, Եթէ կրնաս ըլլալ բարի, բայց ուժո՛վ. Եթէ կրնաս դուն երազել եւ սակայն Չըլլալ գերին երազներուդ գերիշխող, Յաղթանակէն ետք հանդիպիլ պարտութեան Եւ նո՛յն ձեւով ընդունիլ զոյգն այս խաբող. Եթէ կրնաս լսել քու խօսքդ վճիտ Չարափոխուած յիմարներու ծուղակի Ու խորտակուած տեսնել մեծ երկը կեանքիդ, Բայց վերստին զայն շինելու գաս ծունկի.', 3),
(6, 'Ջորջ', 'Բալանդիերի', 'Թուրքագետ', 'team26.jpg', 'Հայ Լեզուն Տունն Է Հայուն… Հայ լեզուն տունն է հայուն աշխարհիս չորս ծագերուն, Ուր կը մտնէ ամէն հայ իբրեւ տանտէր հարազատ, Կ՛ըստանայ սէր ու սնունդ, սրտի հպարտ ցնծութիւն Եւ բորեանէն ու բուքէն հոն կը մնայ միշտ ազատ։ Քանի՜ դարեր եւ քանի՜ ճարտարապետ հանճարներ Աշխատեցան անոր տալ վեհութիւն, գեղ ու պերճանք, Քանի՜ գեղջուկ բանուորներ տքնեցան տիւ եւ գիշեր, Որոնք թաղուած են հիմա մոռացութեան մութին տակ։ Մշտանորոգ ու միշտ հին՝ ան կը տեւէ դարէ դար, Իր ճրագները՝ միշտ լոյս, իր օճախին հուրը՝ վա՛ռ, Բարիքներով անսպառ լեցուն ամբարն ու մառան։ Հո՛ն է միայն, որ կրնայ գտնել ամէն հայ կրկին Խաժամուժին մէջ օտար կորսնցուցած իր հոգին, Անցեալն անհուն եւ ներկան, նոյն իսկ մթի՜ն ապագան… Եթէ ՔԻՓԼԻՆԿ (անգլիացի բանաստեղծ) Եթէ կրնաս պահել գլուխդ առանձին, Երբ խուճապի մէջ է չորս դիդ ամէն մարդ, Եթէ կրնաս վստահ ըլլալ քու անձին, Երբ ուրիշներ կը կասկածին քու վրադ, Եթէ կրնաս միշտ սպասել անձանձիր, Կամ չստել՝ շրջապատուած սուտերով, Ատողներու միջեւ մնալ սիրալիր, Եթէ կրնաս ըլլալ բարի, բայց ուժո՛վ. Եթէ կրնաս դուն երազել եւ սակայն Չըլլալ գերին երազներուդ գերիշխող, Յաղթանակէն ետք հանդիպիլ պարտութեան Եւ նո՛յն ձեւով ընդունիլ զոյգն այս խաբող. Եթէ կրնաս լսել քու խօսքդ վճիտ Չարափոխուած յիմարներու ծուղակի Ու խորտակուած տեսնել մեծ երկը կեանքիդ, Բայց վերստին զայն շինելու գաս ծունկի.', 3),
(7, 'Ա.', 'ՀՈՎՀԱՆՆԻՍՅԱՆ', 'Թուրքագետ', 'team27.jpg', 'Հայ Լեզուն Տունն Է Հայուն… Հայ լեզուն տունն է հայուն աշխարհիս չորս ծագերուն, Ուր կը մտնէ ամէն հայ իբրեւ տանտէր հարազատ, Կ՛ըստանայ սէր ու սնունդ, սրտի հպարտ ցնծութիւն Եւ բորեանէն ու բուքէն հոն կը մնայ միշտ ազատ։ Քանի՜ դարեր եւ քանի՜ ճարտարապետ հանճարներ Աշխատեցան անոր տալ վեհութիւն, գեղ ու պերճանք, Քանի՜ գեղջուկ բանուորներ տքնեցան տիւ եւ գիշեր, Որոնք թաղուած են հիմա մոռացութեան մութին տակ։ Մշտանորոգ ու միշտ հին՝ ան կը տեւէ դարէ դար, Իր ճրագները՝ միշտ լոյս, իր օճախին հուրը՝ վա՛ռ, Բարիքներով անսպառ լեցուն ամբարն ու մառան։ Հո՛ն է միայն, որ կրնայ գտնել ամէն հայ կրկին Խաժամուժին մէջ օտար կորսնցուցած իր հոգին, Անցեալն անհուն եւ ներկան, նոյն իսկ մթի՜ն ապագան… Եթէ ՔԻՓԼԻՆԿ (անգլիացի բանաստեղծ) Եթէ կրնաս պահել գլուխդ առանձին, Երբ խուճապի մէջ է չորս դիդ ամէն մարդ, Եթէ կրնաս վստահ ըլլալ քու անձին, Երբ ուրիշներ կը կասկածին քու վրադ, Եթէ կրնաս միշտ սպասել անձանձիր, Կամ չստել՝ շրջապատուած սուտերով, Ատողներու միջեւ մնալ սիրալիր, Եթէ կրնաս ըլլալ բարի, բայց ուժո՛վ. Եթէ կրնաս դուն երազել եւ սակայն Չըլլալ գերին երազներուդ գերիշխող, Յաղթանակէն ետք հանդիպիլ պարտութեան Եւ նո՛յն ձեւով ընդունիլ զոյգն այս խաբող. Եթէ կրնաս լսել քու խօսքդ վճիտ Չարափոխուած յիմարներու ծուղակի Ու խորտակուած տեսնել մեծ երկը կեանքիդ, Բայց վերստին զայն շինելու գաս ծունկի.', 3),
(8, 'Armine', 'Badalyan', 'Հայագետ', 'team28.jpg', 'Հայ Լեզուն Տունն Է Հայուն… Հայ լեզուն տունն է հայուն աշխարհիս չորս ծագերուն, Ուր կը մտնէ ամէն հայ իբրեւ տանտէր հարազատ, Կ՛ըստանայ սէր ու սնունդ, սրտի հպարտ ցնծութիւն Եւ բորեանէն ու բուքէն հոն կը մնայ միշտ ազատ։ Քանի՜ դարեր եւ քանի՜ ճարտարապետ հանճարներ Աշխատեցան անոր տալ վեհութիւն, գեղ ու պերճանք, Քանի՜ գեղջուկ բանուորներ տքնեցան տիւ եւ գիշեր, Որոնք թաղուած են հիմա մոռացութեան մութին տակ։ Մշտանորոգ ու միշտ հին՝ ան կը տեւէ դարէ դար, Իր ճրագները՝ միշտ լոյս, իր օճախին հուրը՝ վա՛ռ, Բարիքներով անսպառ լեցուն ամբարն ու մառան։ Հո՛ն է միայն, որ կրնայ գտնել ամէն հայ կրկին Խաժամուժին մէջ օտար կորսնցուցած իր հոգին, Անցեալն անհուն եւ ներկան, նոյն իսկ մթի՜ն ապագան… Եթէ ՔԻՓԼԻՆԿ (անգլիացի բանաստեղծ) Եթէ կրնաս պահել գլուխդ առանձին, Երբ խուճապի մէջ է չորս դիդ ամէն մարդ, Եթէ կրնաս վստահ ըլլալ քու անձին, Երբ ուրիշներ կը կասկածին քու վրադ, Եթէ կրնաս միշտ սպասել անձանձիր, Կամ չստել՝ շրջապատուած սուտերով, Ատողներու միջեւ մնալ սիրալիր, Եթէ կրնաս ըլլալ բարի, բայց ուժո՛վ. Եթէ կրնաս դուն երազել եւ սակայն Չըլլալ գերին երազներուդ գերիշխող, Յաղթանակէն ետք հանդիպիլ պարտութեան Եւ նո՛յն ձեւով ընդունիլ զոյգն այս խաբող. Եթէ կրնաս լսել քու խօսքդ վճիտ Չարափոխուած յիմարներու ծուղակի Ու խորտակուած տեսնել մեծ երկը կեանքիդ, Բայց վերստին զայն շինելու գաս ծունկի.', 3),
(9, 'Armine', 'Badalyan', 'Հայագետ', 'team28.jpg', 'Հայ Լեզուն Տունն Է Հայուն… Հայ լեզուն տունն է հայուն աշխարհիս չորս ծագերուն, Ուր կը մտնէ ամէն հայ իբրեւ տանտէր հարազատ, Կ՛ըստանայ սէր ու սնունդ, սրտի հպարտ ցնծութիւն Եւ բորեանէն ու բուքէն հոն կը մնայ միշտ ազատ։ Քանի՜ դարեր եւ քանի՜ ճարտարապետ հանճարներ Աշխատեցան անոր տալ վեհութիւն, գեղ ու պերճանք, Քանի՜ գեղջուկ բանուորներ տքնեցան տիւ եւ գիշեր, Որոնք թաղուած են հիմա մոռացութեան մութին տակ։ Մշտանորոգ ու միշտ հին՝ ան կը տեւէ դարէ դար, Իր ճրագները՝ միշտ լոյս, իր օճախին հուրը՝ վա՛ռ, Բարիքներով անսպառ լեցուն ամբարն ու մառան։ Հո՛ն է միայն, որ կրնայ գտնել ամէն հայ կրկին Խաժամուժին մէջ օտար կորսնցուցած իր հոգին, Անցեալն անհուն եւ ներկան, նոյն իսկ մթի՜ն ապագան… Եթէ ՔԻՓԼԻՆԿ (անգլիացի բանաստեղծ) Եթէ կրնաս պահել գլուխդ առանձին, Երբ խուճապի մէջ է չորս դիդ ամէն մարդ, Եթէ կրնաս վստահ ըլլալ քու անձին, Երբ ուրիշներ կը կասկածին քու վրադ, Եթէ կրնաս միշտ սպասել անձանձիր, Կամ չստել՝ շրջապատուած սուտերով, Ատողներու միջեւ մնալ սիրալիր, Եթէ կրնաս ըլլալ բարի, բայց ուժո՛վ. Եթէ կրնաս դուն երազել եւ սակայն Չըլլալ գերին երազներուդ գերիշխող, Յաղթանակէն ետք հանդիպիլ պարտութեան Եւ նո՛յն ձեւով ընդունիլ զոյգն այս խաբող. Եթէ կրնաս լսել քու խօսքդ վճիտ Չարափոխուած յիմարներու ծուղակի Ու խորտակուած տեսնել մեծ երկը կեանքիդ, Բայց վերստին զայն շինելու գաս ծունկի.', 3),
(10, 'Ա.', 'ՀՈՎՀԱՆՆԻՍՅԱՆ', 'Հայագետ', 'team27.jpg', 'Հայ Լեզուն Տունն Է Հայուն… Հայ լեզուն տունն է հայուն աշխարհիս չորս ծագերուն, Ուր կը մտնէ ամէն հայ իբրեւ տանտէր հարազատ, Կ՛ըստանայ սէր ու սնունդ, սրտի հպարտ ցնծութիւն Եւ բորեանէն ու բուքէն հոն կը մնայ միշտ ազատ։ Քանի՜ դարեր եւ քանի՜ ճարտարապետ հանճարներ Աշխատեցան անոր տալ վեհութիւն, գեղ ու պերճանք, Քանի՜ գեղջուկ բանուորներ տքնեցան տիւ եւ գիշեր, Որոնք թաղուած են հիմա մոռացութեան մութին տակ։ Մշտանորոգ ու միշտ հին՝ ան կը տեւէ դարէ դար, Իր ճրագները՝ միշտ լոյս, իր օճախին հուրը՝ վա՛ռ, Բարիքներով անսպառ լեցուն ամբարն ու մառան։ Հո՛ն է միայն, որ կրնայ գտնել ամէն հայ կրկին Խաժամուժին մէջ օտար կորսնցուցած իր հոգին, Անցեալն անհուն եւ ներկան, նոյն իսկ մթի՜ն ապագան… Եթէ ՔԻՓԼԻՆԿ (անգլիացի բանաստեղծ) Եթէ կրնաս պահել գլուխդ առանձին, Երբ խուճապի մէջ է չորս դիդ ամէն մարդ, Եթէ կրնաս վստահ ըլլալ քու անձին, Երբ ուրիշներ կը կասկածին քու վրադ, Եթէ կրնաս միշտ սպասել անձանձիր, Կամ չստել՝ շրջապատուած սուտերով, Ատողներու միջեւ մնալ սիրալիր, Եթէ կրնաս ըլլալ բարի, բայց ուժո՛վ. Եթէ կրնաս դուն երազել եւ սակայն Չըլլալ գերին երազներուդ գերիշխող, Յաղթանակէն ետք հանդիպիլ պարտութեան Եւ նո՛յն ձեւով ընդունիլ զոյգն այս խաբող. Եթէ կրնաս լսել քու խօսքդ վճիտ Չարափոխուած յիմարներու ծուղակի Ու խորտակուած տեսնել մեծ երկը կեանքիդ, Բայց վերստին զայն շինելու գաս ծունկի.', 3),
(11, 'Ջորջ', 'Բալանդիերի', 'Հայագետ', 'team30.jpg', 'Հայ Լեզուն Տունն Է Հայուն… Հայ լեզուն տունն է հայուն աշխարհիս չորս ծագերուն, Ուր կը մտնէ ամէն հայ իբրեւ տանտէր հարազատ, Կ՛ըստանայ սէր ու սնունդ, սրտի հպարտ ցնծութիւն Եւ բորեանէն ու բուքէն հոն կը մնայ միշտ ազատ։ Քանի՜ դարեր եւ քանի՜ ճարտարապետ հանճարներ Աշխատեցան անոր տալ վեհութիւն, գեղ ու պերճանք, Քանի՜ գեղջուկ բանուորներ տքնեցան տիւ եւ գիշեր, Որոնք թաղուած են հիմա մոռացութեան մութին տակ։ Մշտանորոգ ու միշտ հին՝ ան կը տեւէ դարէ դար, Իր ճրագները՝ միշտ լոյս, իր օճախին հուրը՝ վա՛ռ, Բարիքներով անսպառ լեցուն ամբարն ու մառան։ Հո՛ն է միայն, որ կրնայ գտնել ամէն հայ կրկին Խաժամուժին մէջ օտար կորսնցուցած իր հոգին, Անցեալն անհուն եւ ներկան, նոյն իսկ մթի՜ն ապագան… Եթէ ՔԻՓԼԻՆԿ (անգլիացի բանաստեղծ) Եթէ կրնաս պահել գլուխդ առանձին, Երբ խուճապի մէջ է չորս դիդ ամէն մարդ, Եթէ կրնաս վստահ ըլլալ քու անձին, Երբ ուրիշներ կը կասկածին քու վրադ, Եթէ կրնաս միշտ սպասել անձանձիր, Կամ չստել՝ շրջապատուած սուտերով, Ատողներու միջեւ մնալ սիրալիր, Եթէ կրնաս ըլլալ բարի, բայց ուժո՛վ. Եթէ կրնաս դուն երազել եւ սակայն Չըլլալ գերին երազներուդ գերիշխող, Յաղթանակէն ետք հանդիպիլ պարտութեան Եւ նո՛յն ձեւով ընդունիլ զոյգն այս խաբող. Եթէ կրնաս լսել քու խօսքդ վճիտ Չարափոխուած յիմարներու ծուղակի Ու խորտակուած տեսնել մեծ երկը կեանքիդ, Բայց վերստին զայն շինելու գաս ծունկի.', 3),
(12, 'Armine', 'Badalyan', 'Հայագետ', 'team28.jpg', 'Հայ Լեզուն Տունն Է Հայուն… Հայ լեզուն տունն է հայուն աշխարհիս չորս ծագերուն, Ուր կը մտնէ ամէն հայ իբրեւ տանտէր հարազատ, Կ՛ըստանայ սէր ու սնունդ, սրտի հպարտ ցնծութիւն Եւ բորեանէն ու բուքէն հոն կը մնայ միշտ ազատ։ Քանի՜ դարեր եւ քանի՜ ճարտարապետ հանճարներ Աշխատեցան անոր տալ վեհութիւն, գեղ ու պերճանք, Քանի՜ գեղջուկ բանուորներ տքնեցան տիւ եւ գիշեր, Որոնք թաղուած են հիմա մոռացութեան մութին տակ։ Մշտանորոգ ու միշտ հին՝ ան կը տեւէ դարէ դար, Իր ճրագները՝ միշտ լոյս, իր օճախին հուրը՝ վա՛ռ, Բարիքներով անսպառ լեցուն ամբարն ու մառան։ Հո՛ն է միայն, որ կրնայ գտնել ամէն հայ կրկին Խաժամուժին մէջ օտար կորսնցուցած իր հոգին, Անցեալն անհուն եւ ներկան, նոյն իսկ մթի՜ն ապագան… Եթէ ՔԻՓԼԻՆԿ (անգլիացի բանաստեղծ) Եթէ կրնաս պահել գլուխդ առանձին, Երբ խուճապի մէջ է չորս դիդ ամէն մարդ, Եթէ կրնաս վստահ ըլլալ քու անձին, Երբ ուրիշներ կը կասկածին քու վրադ, Եթէ կրնաս միշտ սպասել անձանձիր, Կամ չստել՝ շրջապատուած սուտերով, Ատողներու միջեւ մնալ սիրալիր, Եթէ կրնաս ըլլալ բարի, բայց ուժո՛վ. Եթէ կրնաս դուն երազել եւ սակայն Չըլլալ գերին երազներուդ գերիշխող, Յաղթանակէն ետք հանդիպիլ պարտութեան Եւ նո՛յն ձեւով ընդունիլ զոյգն այս խաբող. Եթէ կրնաս լսել քու խօսքդ վճիտ Չարափոխուած յիմարներու ծուղակի Ու խորտակուած տեսնել մեծ երկը կեանքիդ, Բայց վերստին զայն շինելու գաս ծունկի.', 3),
(13, 'Armine', 'Badalyan', 'Հայագետ', 'team28.jpg', 'Հայ Լեզուն Տունն Է Հայուն… Հայ լեզուն տունն է հայուն աշխարհիս չորս ծագերուն, Ուր կը մտնէ ամէն հայ իբրեւ տանտէր հարազատ, Կ՛ըստանայ սէր ու սնունդ, սրտի հպարտ ցնծութիւն Եւ բորեանէն ու բուքէն հոն կը մնայ միշտ ազատ։ Քանի՜ դարեր եւ քանի՜ ճարտարապետ հանճարներ Աշխատեցան անոր տալ վեհութիւն, գեղ ու պերճանք, Քանի՜ գեղջուկ բանուորներ տքնեցան տիւ եւ գիշեր, Որոնք թաղուած են հիմա մոռացութեան մութին տակ։ Մշտանորոգ ու միշտ հին՝ ան կը տեւէ դարէ դար, Իր ճրագները՝ միշտ լոյս, իր օճախին հուրը՝ վա՛ռ, Բարիքներով անսպառ լեցուն ամբարն ու մառան։ Հո՛ն է միայն, որ կրնայ գտնել ամէն հայ կրկին Խաժամուժին մէջ օտար կորսնցուցած իր հոգին, Անցեալն անհուն եւ ներկան, նոյն իսկ մթի՜ն ապագան… Եթէ ՔԻՓԼԻՆԿ (անգլիացի բանաստեղծ) Եթէ կրնաս պահել գլուխդ առանձին, Երբ խուճապի մէջ է չորս դիդ ամէն մարդ, Եթէ կրնաս վստահ ըլլալ քու անձին, Երբ ուրիշներ կը կասկածին քու վրադ, Եթէ կրնաս միշտ սպասել անձանձիր, Կամ չստել՝ շրջապատուած սուտերով, Ատողներու միջեւ մնալ սիրալիր, Եթէ կրնաս ըլլալ բարի, բայց ուժո՛վ. Եթէ կրնաս դուն երազել եւ սակայն Չըլլալ գերին երազներուդ գերիշխող, Յաղթանակէն ետք հանդիպիլ պարտութեան Եւ նո՛յն ձեւով ընդունիլ զոյգն այս խաբող. Եթէ կրնաս լսել քու խօսքդ վճիտ Չարափոխուած յիմարներու ծուղակի Ու խորտակուած տեսնել մեծ երկը կեանքիդ, Բայց վերստին զայն շինելու գաս ծունկի.', 3),
(14, 'Ա.', 'ՀՈՎՀԱՆՆԻՍՅԱՆ', 'Հայագետ', 'team27.jpg', 'Հայ Լեզուն Տունն Է Հայուն… Հայ լեզուն տունն է հայուն աշխարհիս չորս ծագերուն, Ուր կը մտնէ ամէն հայ իբրեւ տանտէր հարազատ, Կ՛ըստանայ սէր ու սնունդ, սրտի հպարտ ցնծութիւն Եւ բորեանէն ու բուքէն հոն կը մնայ միշտ ազատ։ Քանի՜ դարեր եւ քանի՜ ճարտարապետ հանճարներ Աշխատեցան անոր տալ վեհութիւն, գեղ ու պերճանք, Քանի՜ գեղջուկ բանուորներ տքնեցան տիւ եւ գիշեր, Որոնք թաղուած են հիմա մոռացութեան մութին տակ։ Մշտանորոգ ու միշտ հին՝ ան կը տեւէ դարէ դար, Իր ճրագները՝ միշտ լոյս, իր օճախին հուրը՝ վա՛ռ, Բարիքներով անսպառ լեցուն ամբարն ու մառան։ Հո՛ն է միայն, որ կրնայ գտնել ամէն հայ կրկին Խաժամուժին մէջ օտար կորսնցուցած իր հոգին, Անցեալն անհուն եւ ներկան, նոյն իսկ մթի՜ն ապագան… Եթէ ՔԻՓԼԻՆԿ (անգլիացի բանաստեղծ) Եթէ կրնաս պահել գլուխդ առանձին, Երբ խուճապի մէջ է չորս դիդ ամէն մարդ, Եթէ կրնաս վստահ ըլլալ քու անձին, Երբ ուրիշներ կը կասկածին քու վրադ, Եթէ կրնաս միշտ սպասել անձանձիր, Կամ չստել՝ շրջապատուած սուտերով, Ատողներու միջեւ մնալ սիրալիր, Եթէ կրնաս ըլլալ բարի, բայց ուժո՛վ. Եթէ կրնաս դուն երազել եւ սակայն Չըլլալ գերին երազներուդ գերիշխող, Յաղթանակէն ետք հանդիպիլ պարտութեան Եւ նո՛յն ձեւով ընդունիլ զոյգն այս խաբող. Եթէ կրնաս լսել քու խօսքդ վճիտ Չարափոխուած յիմարներու ծուղակի Ու խորտակուած տեսնել մեծ երկը կեանքիդ, Բայց վերստին զայն շինելու գաս ծունկի.', 3),
(15, 'Ջորջ', 'Բալանդիերի', 'Հայագետ', 'team29.jpg', 'Հայ Լեզուն Տունն Է Հայուն… Հայ լեզուն տունն է հայուն աշխարհիս չորս ծագերուն, Ուր կը մտնէ ամէն հայ իբրեւ տանտէր հարազատ, Կ՛ըստանայ սէր ու սնունդ, սրտի հպարտ ցնծութիւն Եւ բորեանէն ու բուքէն հոն կը մնայ միշտ ազատ։ Քանի՜ դարեր եւ քանի՜ ճարտարապետ հանճարներ Աշխատեցան անոր տալ վեհութիւն, գեղ ու պերճանք, Քանի՜ գեղջուկ բանուորներ տքնեցան տիւ եւ գիշեր, Որոնք թաղուած են հիմա մոռացութեան մութին տակ։ Մշտանորոգ ու միշտ հին՝ ան կը տեւէ դարէ դար, Իր ճրագները՝ միշտ լոյս, իր օճախին հուրը՝ վա՛ռ, Բարիքներով անսպառ լեցուն ամբարն ու մառան։ Հո՛ն է միայն, որ կրնայ գտնել ամէն հայ կրկին Խաժամուժին մէջ օտար կորսնցուցած իր հոգին, Անցեալն անհուն եւ ներկան, նոյն իսկ մթի՜ն ապագան… Եթէ ՔԻՓԼԻՆԿ (անգլիացի բանաստեղծ) Եթէ կրնաս պահել գլուխդ առանձին, Երբ խուճապի մէջ է չորս դիդ ամէն մարդ, Եթէ կրնաս վստահ ըլլալ քու անձին, Երբ ուրիշներ կը կասկածին քու վրադ, Եթէ կրնաս միշտ սպասել անձանձիր, Կամ չստել՝ շրջապատուած սուտերով, Ատողներու միջեւ մնալ սիրալիր, Եթէ կրնաս ըլլալ բարի, բայց ուժո՛վ. Եթէ կրնաս դուն երազել եւ սակայն Չըլլալ գերին երազներուդ գերիշխող, Յաղթանակէն ետք հանդիպիլ պարտութեան Եւ նո՛յն ձեւով ընդունիլ զոյգն այս խաբող. Եթէ կրնաս լսել քու խօսքդ վճիտ Չարափոխուած յիմարներու ծուղակի Ու խորտակուած տեսնել մեծ երկը կեանքիդ, Բայց վերստին զայն շինելու գաս ծունկի.', 3),
(16, 'Ա.', 'ՀՈՎՀԱՆՆԻՍՅԱՆ', 'Հայագետ', 'team27.jpg', 'Հայ Լեզուն Տունն Է Հայուն… Հայ լեզուն տունն է հայուն աշխարհիս չորս ծագերուն, Ուր կը մտնէ ամէն հայ իբրեւ տանտէր հարազատ, Կ՛ըստանայ սէր ու սնունդ, սրտի հպարտ ցնծութիւն Եւ բորեանէն ու բուքէն հոն կը մնայ միշտ ազատ։ Քանի՜ դարեր եւ քանի՜ ճարտարապետ հանճարներ Աշխատեցան անոր տալ վեհութիւն, գեղ ու պերճանք, Քանի՜ գեղջուկ բանուորներ տքնեցան տիւ եւ գիշեր, Որոնք թաղուած են հիմա մոռացութեան մութին տակ։ Մշտանորոգ ու միշտ հին՝ ան կը տեւէ դարէ դար, Իր ճրագները՝ միշտ լոյս, իր օճախին հուրը՝ վա՛ռ, Բարիքներով անսպառ լեցուն ամբարն ու մառան։ Հո՛ն է միայն, որ կրնայ գտնել ամէն հայ կրկին Խաժամուժին մէջ օտար կորսնցուցած իր հոգին, Անցեալն անհուն եւ ներկան, նոյն իսկ մթի՜ն ապագան… Եթէ ՔԻՓԼԻՆԿ (անգլիացի բանաստեղծ) Եթէ կրնաս պահել գլուխդ առանձին, Երբ խուճապի մէջ է չորս դիդ ամէն մարդ, Եթէ կրնաս վստահ ըլլալ քու անձին, Երբ ուրիշներ կը կասկածին քու վրադ, Եթէ կրնաս միշտ սպասել անձանձիր, Կամ չստել՝ շրջապատուած սուտերով, Ատողներու միջեւ մնալ սիրալիր, Եթէ կրնաս ըլլալ բարի, բայց ուժո՛վ. Եթէ կրնաս դուն երազել եւ սակայն Չըլլալ գերին երազներուդ գերիշխող, Յաղթանակէն ետք հանդիպիլ պարտութեան Եւ նո՛յն ձեւով ընդունիլ զոյգն այս խաբող. Եթէ կրնաս լսել քու խօսքդ վճիտ Չարափոխուած յիմարներու ծուղակի Ու խորտակուած տեսնել մեծ երկը կեանքիդ, Բայց վերստին զայն շինելու գաս ծունկի.', 3),
(17, 'Ա.', 'ՀՈՎՀԱՆՆԻՍՅԱՆ', 'Հայագետ', 'team27.jpg', 'Հայ Լեզուն Տունն Է Հայուն… Հայ լեզուն տունն է հայուն աշխարհիս չորս ծագերուն, Ուր կը մտնէ ամէն հայ իբրեւ տանտէր հարազատ, Կ՛ըստանայ սէր ու սնունդ, սրտի հպարտ ցնծութիւն Եւ բորեանէն ու բուքէն հոն կը մնայ միշտ ազատ։ Քանի՜ դարեր եւ քանի՜ ճարտարապետ հանճարներ Աշխատեցան անոր տալ վեհութիւն, գեղ ու պերճանք, Քանի՜ գեղջուկ բանուորներ տքնեցան տիւ եւ գիշեր, Որոնք թաղուած են հիմա մոռացութեան մութին տակ։ Մշտանորոգ ու միշտ հին՝ ան կը տեւէ դարէ դար, Իր ճրագները՝ միշտ լոյս, իր օճախին հուրը՝ վա՛ռ, Բարիքներով անսպառ լեցուն ամբարն ու մառան։ Հո՛ն է միայն, որ կրնայ գտնել ամէն հայ կրկին Խաժամուժին մէջ օտար կորսնցուցած իր հոգին, Անցեալն անհուն եւ ներկան, նոյն իսկ մթի՜ն ապագան… Եթէ ՔԻՓԼԻՆԿ (անգլիացի բանաստեղծ) Եթէ կրնաս պահել գլուխդ առանձին, Երբ խուճապի մէջ է չորս դիդ ամէն մարդ, Եթէ կրնաս վստահ ըլլալ քու անձին, Երբ ուրիշներ կը կասկածին քու վրադ, Եթէ կրնաս միշտ սպասել անձանձիր, Կամ չստել՝ շրջապատուած սուտերով, Ատողներու միջեւ մնալ սիրալիր, Եթէ կրնաս ըլլալ բարի, բայց ուժո՛վ. Եթէ կրնաս դուն երազել եւ սակայն Չըլլալ գերին երազներուդ գերիշխող, Յաղթանակէն ետք հանդիպիլ պարտութեան Եւ նո՛յն ձեւով ընդունիլ զոյգն այս խաբող. Եթէ կրնաս լսել քու խօսքդ վճիտ Չարափոխուած յիմարներու ծուղակի Ու խորտակուած տեսնել մեծ երկը կեանքիդ, Բայց վերստին զայն շինելու գաս ծունկի.', 3),
(18, 'Armine', 'Badalyan', 'Հայագետ', 'team28.jpg', 'Հայ Լեզուն Տունն Է Հայուն… Հայ լեզուն տունն է հայուն աշխարհիս չորս ծագերուն, Ուր կը մտնէ ամէն հայ իբրեւ տանտէր հարազատ, Կ՛ըստանայ սէր ու սնունդ, սրտի հպարտ ցնծութիւն Եւ բորեանէն ու բուքէն հոն կը մնայ միշտ ազատ։ Քանի՜ դարեր եւ քանի՜ ճարտարապետ հանճարներ Աշխատեցան անոր տալ վեհութիւն, գեղ ու պերճանք, Քանի՜ գեղջուկ բանուորներ տքնեցան տիւ եւ գիշեր, Որոնք թաղուած են հիմա մոռացութեան մութին տակ։ Մշտանորոգ ու միշտ հին՝ ան կը տեւէ դարէ դար, Իր ճրագները՝ միշտ լոյս, իր օճախին հուրը՝ վա՛ռ, Բարիքներով անսպառ լեցուն ամբարն ու մառան։ Հո՛ն է միայն, որ կրնայ գտնել ամէն հայ կրկին Խաժամուժին մէջ օտար կորսնցուցած իր հոգին, Անցեալն անհուն եւ ներկան, նոյն իսկ մթի՜ն ապագան… Եթէ ՔԻՓԼԻՆԿ (անգլիացի բանաստեղծ) Եթէ կրնաս պահել գլուխդ առանձին, Երբ խուճապի մէջ է չորս դիդ ամէն մարդ, Եթէ կրնաս վստահ ըլլալ քու անձին, Երբ ուրիշներ կը կասկածին քու վրադ, Եթէ կրնաս միշտ սպասել անձանձիր, Կամ չստել՝ շրջապատուած սուտերով, Ատողներու միջեւ մնալ սիրալիր, Եթէ կրնաս ըլլալ բարի, բայց ուժո՛վ. Եթէ կրնաս դուն երազել եւ սակայն Չըլլալ գերին երազներուդ գերիշխող, Յաղթանակէն ետք հանդիպիլ պարտութեան Եւ նո՛յն ձեւով ընդունիլ զոյգն այս խաբող. Եթէ կրնաս լսել քու խօսքդ վճիտ Չարափոխուած յիմարներու ծուղակի Ու խորտակուած տեսնել մեծ երկը կեանքիդ, Բայց վերստին զայն շինելու գաս ծունկի.', 3),
(19, 'Ա.', 'ՀՈՎՀԱՆՆԻՍՅԱՆ', 'Հայագետ', 'team27.jpg', 'Հայ Լեզուն Տունն Է Հայուն… Հայ լեզուն տունն է հայուն աշխարհիս չորս ծագերուն, Ուր կը մտնէ ամէն հայ իբրեւ տանտէր հարազատ, Կ՛ըստանայ սէր ու սնունդ, սրտի հպարտ ցնծութիւն Եւ բորեանէն ու բուքէն հոն կը մնայ միշտ ազատ։ Քանի՜ դարեր եւ քանի՜ ճարտարապետ հանճարներ Աշխատեցան անոր տալ վեհութիւն, գեղ ու պերճանք, Քանի՜ գեղջուկ բանուորներ տքնեցան տիւ եւ գիշեր, Որոնք թաղուած են հիմա մոռացութեան մութին տակ։ Մշտանորոգ ու միշտ հին՝ ան կը տեւէ դարէ դար, Իր ճրագները՝ միշտ լոյս, իր օճախին հուրը՝ վա՛ռ, Բարիքներով անսպառ լեցուն ամբարն ու մառան։ Հո՛ն է միայն, որ կրնայ գտնել ամէն հայ կրկին Խաժամուժին մէջ օտար կորսնցուցած իր հոգին, Անցեալն անհուն եւ ներկան, նոյն իսկ մթի՜ն ապագան… Եթէ ՔԻՓԼԻՆԿ (անգլիացի բանաստեղծ) Եթէ կրնաս պահել գլուխդ առանձին, Երբ խուճապի մէջ է չորս դիդ ամէն մարդ, Եթէ կրնաս վստահ ըլլալ քու անձին, Երբ ուրիշներ կը կասկածին քու վրադ, Եթէ կրնաս միշտ սպասել անձանձիր, Կամ չստել՝ շրջապատուած սուտերով, Ատողներու միջեւ մնալ սիրալիր, Եթէ կրնաս ըլլալ բարի, բայց ուժո՛վ. Եթէ կրնաս դուն երազել եւ սակայն Չըլլալ գերին երազներուդ գերիշխող, Յաղթանակէն ետք հանդիպիլ պարտութեան Եւ նո՛յն ձեւով ընդունիլ զոյգն այս խաբող. Եթէ կրնաս լսել քու խօսքդ վճիտ Չարափոխուած յիմարներու ծուղակի Ու խորտակուած տեսնել մեծ երկը կեանքիդ, Բայց վերստին զայն շինելու գաս ծունկի.', 3),
(20, 'Ա.', 'ՀՈՎՀԱՆՆԻՍՅԱՆ', 'Հայագետ', 'team27.jpg', 'Հայ Լեզուն Տունն Է Հայուն… Հայ լեզուն տունն է հայուն աշխարհիս չորս ծագերուն, Ուր կը մտնէ ամէն հայ իբրեւ տանտէր հարազատ, Կ՛ըստանայ սէր ու սնունդ, սրտի հպարտ ցնծութիւն Եւ բորեանէն ու բուքէն հոն կը մնայ միշտ ազատ։ Քանի՜ դարեր եւ քանի՜ ճարտարապետ հանճարներ Աշխատեցան անոր տալ վեհութիւն, գեղ ու պերճանք, Քանի՜ գեղջուկ բանուորներ տքնեցան տիւ եւ գիշեր, Որոնք թաղուած են հիմա մոռացութեան մութին տակ։ Մշտանորոգ ու միշտ հին՝ ան կը տեւէ դարէ դար, Իր ճրագները՝ միշտ լոյս, իր օճախին հուրը՝ վա՛ռ, Բարիքներով անսպառ լեցուն ամբարն ու մառան։ Հո՛ն է միայն, որ կրնայ գտնել ամէն հայ կրկին Խաժամուժին մէջ օտար կորսնցուցած իր հոգին, Անցեալն անհուն եւ ներկան, նոյն իսկ մթի՜ն ապագան… Եթէ ՔԻՓԼԻՆԿ (անգլիացի բանաստեղծ) Եթէ կրնաս պահել գլուխդ առանձին, Երբ խուճապի մէջ է չորս դիդ ամէն մարդ, Եթէ կրնաս վստահ ըլլալ քու անձին, Երբ ուրիշներ կը կասկածին քու վրադ, Եթէ կրնաս միշտ սպասել անձանձիր, Կամ չստել՝ շրջապատուած սուտերով, Ատողներու միջեւ մնալ սիրալիր, Եթէ կրնաս ըլլալ բարի, բայց ուժո՛վ. Եթէ կրնաս դուն երազել եւ սակայն Չըլլալ գերին երազներուդ գերիշխող, Յաղթանակէն ետք հանդիպիլ պարտութեան Եւ նո՛յն ձեւով ընդունիլ զոյգն այս խաբող. Եթէ կրնաս լսել քու խօսքդ վճիտ Չարափոխուած յիմարներու ծուղակի Ու խորտակուած տեսնել մեծ երկը կեանքիդ, Բայց վերստին զայն շինելու գաս ծունկի.', 3);

-- --------------------------------------------------------

--
-- Структура таблицы `categories`
--

CREATE TABLE `categories` (
  `id` int(10) UNSIGNED NOT NULL,
  `name` varchar(191) COLLATE utf8mb4_unicode_ci NOT NULL,
  `lang_id` int(10) UNSIGNED NOT NULL,
  `created_at` timestamp NULL DEFAULT NULL,
  `updated_at` timestamp NULL DEFAULT NULL
) ENGINE=InnoDB DEFAULT CHARSET=utf8mb4 COLLATE=utf8mb4_unicode_ci;

--
-- Дамп данных таблицы `categories`
--

INSERT INTO `categories` (`id`, `name`, `lang_id`, `created_at`, `updated_at`) VALUES
(1, 'politics', 1, NULL, NULL),
(2, 'economy', 1, NULL, NULL),
(3, 'security', 1, NULL, NULL),
(4, 'international', 1, NULL, NULL),
(5, 'regional', 1, NULL, NULL),
(6, 'политика', 2, NULL, NULL),
(7, 'экономика', 2, NULL, NULL),
(8, 'безопасность', 2, NULL, NULL),
(9, 'международные', 2, NULL, NULL),
(10, 'региональные', 2, NULL, NULL),
(11, 'քաղաքականություն', 3, NULL, NULL),
(12, 'տնտեսություն', 3, NULL, NULL),
(13, 'անվտանգություն', 3, NULL, NULL),
(14, 'միջազգային', 3, NULL, NULL),
(15, 'տարածաշրջանային', 3, NULL, NULL);

-- --------------------------------------------------------

--
-- Структура таблицы `events`
--

CREATE TABLE `events` (
  `id` int(10) UNSIGNED NOT NULL,
  `title` varchar(191) COLLATE utf8mb4_unicode_ci NOT NULL DEFAULT '',
  `start_date` date NOT NULL,
  `end_date` date NOT NULL,
  `created_at` timestamp NULL DEFAULT NULL,
  `updated_at` timestamp NULL DEFAULT NULL
) ENGINE=InnoDB DEFAULT CHARSET=utf8mb4 COLLATE=utf8mb4_unicode_ci;

--
-- Дамп данных таблицы `events`
--

INSERT INTO `events` (`id`, `title`, `start_date`, `end_date`, `created_at`, `updated_at`) VALUES
(1, '', '2018-11-01', '2018-11-01', '2018-11-01 07:00:00', NULL);

-- --------------------------------------------------------

--
-- Структура таблицы `files`
--

CREATE TABLE `files` (
  `id` int(10) UNSIGNED NOT NULL,
  `name` varchar(191) COLLATE utf8mb4_unicode_ci DEFAULT NULL,
  `link` text COLLATE utf8mb4_unicode_ci,
  `type` varchar(191) COLLATE utf8mb4_unicode_ci DEFAULT NULL,
  `post_id` int(10) UNSIGNED NOT NULL,
  `created_at` timestamp NULL DEFAULT NULL,
  `updated_at` timestamp NULL DEFAULT NULL
) ENGINE=InnoDB DEFAULT CHARSET=utf8mb4 COLLATE=utf8mb4_unicode_ci;

-- --------------------------------------------------------

--
-- Структура таблицы `langs`
--

CREATE TABLE `langs` (
  `id` int(10) UNSIGNED NOT NULL,
  `lng` varchar(191) COLLATE utf8mb4_unicode_ci NOT NULL
) ENGINE=InnoDB DEFAULT CHARSET=utf8mb4 COLLATE=utf8mb4_unicode_ci;

--
-- Дамп данных таблицы `langs`
--

INSERT INTO `langs` (`id`, `lng`) VALUES
(1, 'en'),
(2, 'ru'),
(3, 'hy');

-- --------------------------------------------------------

--
-- Структура таблицы `menus`
--

CREATE TABLE `menus` (
  `id` int(10) UNSIGNED NOT NULL,
  `name` varchar(191) COLLATE utf8mb4_unicode_ci NOT NULL,
  `lang_id` int(10) UNSIGNED NOT NULL,
  `created_at` timestamp NULL DEFAULT NULL,
  `updated_at` timestamp NULL DEFAULT NULL
) ENGINE=InnoDB DEFAULT CHARSET=utf8mb4 COLLATE=utf8mb4_unicode_ci;

-- --------------------------------------------------------

--
-- Структура таблицы `migrations`
--

CREATE TABLE `migrations` (
  `id` int(10) UNSIGNED NOT NULL,
  `migration` varchar(191) COLLATE utf8mb4_unicode_ci NOT NULL,
  `batch` int(11) NOT NULL
) ENGINE=InnoDB DEFAULT CHARSET=utf8mb4 COLLATE=utf8mb4_unicode_ci;

--
-- Дамп данных таблицы `migrations`
--

INSERT INTO `migrations` (`id`, `migration`, `batch`) VALUES
(21, '0000_00_00_000000_create_taggable_table', 1),
(22, '2014_10_12_000000_create_users_table', 1),
(23, '2014_10_12_100000_create_password_resets_table', 1),
(24, '2018_10_10_111748_create_langs_table', 1),
(25, '2018_10_11_122446_create_categories_table', 1),
(26, '2018_10_17_135903_create_authors_table', 1),
(27, '2018_10_17_140227_create_post_table', 1),
(28, '2018_10_17_140926_create_files_table', 1),
(29, '2018_10_23_114710_create_opinions_table', 1),
(30, '2018_10_26_095842_create_events_table', 1),
(31, '2018_11_01_115959_create_videos_table', 1),
(32, '2018_11_01_121048_create_menus_table', 1);

-- --------------------------------------------------------

--
-- Структура таблицы `opinions`
--

CREATE TABLE `opinions` (
  `id` int(10) UNSIGNED NOT NULL,
  `title` varchar(191) COLLATE utf8mb4_unicode_ci NOT NULL,
  `short_text` text COLLATE utf8mb4_unicode_ci,
  `html_code` text COLLATE utf8mb4_unicode_ci NOT NULL,
  `date` date NOT NULL,
  `img` varchar(191) COLLATE utf8mb4_unicode_ci NOT NULL,
  `status` varchar(191) COLLATE utf8mb4_unicode_ci NOT NULL DEFAULT 'published',
  `meta_k` varchar(191) COLLATE utf8mb4_unicode_ci NOT NULL,
  `meta_d` varchar(191) COLLATE utf8mb4_unicode_ci NOT NULL,
  `view` int(11) NOT NULL DEFAULT '1',
  `post_typ` int(10) UNSIGNED NOT NULL,
  `author_id` int(10) UNSIGNED NOT NULL,
  `lang_id` int(10) UNSIGNED NOT NULL,
  `created_at` timestamp NULL DEFAULT NULL,
  `updated_at` timestamp NULL DEFAULT NULL
) ENGINE=InnoDB DEFAULT CHARSET=utf8mb4 COLLATE=utf8mb4_unicode_ci;

--
-- Дамп данных таблицы `opinions`
--

INSERT INTO `opinions` (`id`, `title`, `short_text`, `html_code`, `date`, `img`, `status`, `meta_k`, `meta_d`, `view`, `post_typ`, `author_id`, `lang_id`, `created_at`, `updated_at`) VALUES
(1, 'ՀԱՅՈՑ ՀԱՄԱԶԳԱՅԻՆ ՇԱՐԺՄԱՆ ՀԱՅՏԱՐԱՐՈՒԹՅՈՒՆԸ', 'Ըստ Ջորջ Բալանդիերի, քաղաքական մարդաբանությունը ձգտում է գտնել գիտությունԸստ Ջորջ Բալանդիերի', 'Ըստ Ջորջ Բալանդիերի, քաղաքական մարդաբանությունը ձգտում է գտնել գիտությունԸստ Ջորջ ԲալանդիերիԸստ Ջորջ Բալանդիերի, քաղաքական մարդաբանությունը ձգտում է գտնել գիտությունԸստ Ջորջ ԲալանդիերիԸստ Ջորջ Բալանդիերի, քաղաքական մարդաբանությունը ձգտում է գտնել գիտությունԸստ Ջորջ ԲալանդիերիԸստ Ջորջ Բալանդիերի, քաղաքական մարդաբանությունը ձգտում է գտնել գիտությունԸստ Ջորջ ԲալանդիերիԸստ Ջորջ Բալանդիերի, քաղաքական մարդաբանությունը ձգտում է գտնել գիտությունԸստ Ջորջ Բալանդիերի', '2018-11-01', 'images/blog-img21.jpg', 'published', 'published,published,published', 'published,published,published', 1, 1, 1, 3, '2018-11-01 14:00:28', NULL);

-- --------------------------------------------------------

--
-- Структура таблицы `password_resets`
--

CREATE TABLE `password_resets` (
  `email` varchar(191) COLLATE utf8mb4_unicode_ci NOT NULL,
  `token` varchar(191) COLLATE utf8mb4_unicode_ci NOT NULL,
  `created_at` timestamp NULL DEFAULT NULL
) ENGINE=InnoDB DEFAULT CHARSET=utf8mb4 COLLATE=utf8mb4_unicode_ci;

-- --------------------------------------------------------

--
-- Структура таблицы `posts`
--

CREATE TABLE `posts` (
  `id` int(10) UNSIGNED NOT NULL,
  `title` varchar(191) COLLATE utf8mb4_unicode_ci NOT NULL,
  `short_text` text COLLATE utf8mb4_unicode_ci,
  `html_code` text COLLATE utf8mb4_unicode_ci NOT NULL,
  `img` varchar(191) COLLATE utf8mb4_unicode_ci NOT NULL,
  `thumb_img` varchar(191) COLLATE utf8mb4_unicode_ci NOT NULL,
  `date` date NOT NULL,
  `status` varchar(191) COLLATE utf8mb4_unicode_ci NOT NULL DEFAULT 'published',
  `meta_k` text COLLATE utf8mb4_unicode_ci NOT NULL,
  `meta_d` text COLLATE utf8mb4_unicode_ci NOT NULL,
  `view` int(11) NOT NULL DEFAULT '1',
  `post_typ` int(10) UNSIGNED NOT NULL,
  `author_id` int(10) UNSIGNED NOT NULL,
  `lang_id` int(10) UNSIGNED NOT NULL,
  `created_at` timestamp NULL DEFAULT NULL,
  `updated_at` timestamp NULL DEFAULT NULL
) ENGINE=InnoDB DEFAULT CHARSET=utf8mb4 COLLATE=utf8mb4_unicode_ci;

--
-- Дамп данных таблицы `posts`
--

INSERT INTO `posts` (`id`, `title`, `short_text`, `html_code`, `img`, `thumb_img`, `date`, `status`, `meta_k`, `meta_d`, `view`, `post_typ`, `author_id`, `lang_id`, `created_at`, `updated_at`) VALUES
(1, '1ՀԱՅՈՑ ՀԱՄԱԶԳԱՅԻՆ ՇԱՐԺՄԱՆ ՀԱՅՏԱՐԱՐՈՒԹՅՈՒՆԸ', 'Ըստ Ջորջ Բալանդիերի, քաղաքական մարդաբանությունը ձգտում է գտնել գիտությունԸստ Ջորջ Բալանդիերի', 'Ըստ Ջորջ Բալանդիերի, քաղաքական մարդաբանությունը ձգտում է գտնել գիտությունԸստ Ջորջ ԲալանդիերիԸստ Ջորջ Բալանդիերի, քաղաքական մարդաբանությունը ձգտում է գտնել գիտությունԸստ Ջորջ ԲալանդիերիԸստ Ջորջ Բալանդիերի, քաղաքական մարդաբանությունը ձգտում է գտնել գիտությունԸստ Ջորջ ԲալանդիերիԸստ Ջորջ Բալանդիերի, քաղաքական մարդաբանությունը ձգտում է գտնել գիտությունԸստ Ջորջ ԲալանդիերիԸստ Ջորջ Բալանդիերի, քաղաքական մարդաբանությունը ձգտում է գտնել գիտությունԸստ Ջորջ Բալանդիերի', 'images/blog-img21.jpg', 'images/blog-img21.jpg', '2018-11-01', 'published', 'published,published,published', 'published,published,published', 1, 11, 1, 3, '2018-11-01 14:00:28', NULL),
(2, '2ՀԱՅՈՑ ՀԱՄԱԶԳԱՅԻՆ ՇԱՐԺՄԱՆ ՀԱՅՏԱՐԱՐՈՒԹՅՈՒՆԸ', 'Ըստ Ջորջ Բալանդիերի, քաղաքական մարդաբանությունը ձգտում է գտնել գիտությունԸստ Ջորջ Բալանդիերի', 'Ըստ Ջորջ Բալանդիերի, քաղաքական մարդաբանությունը ձգտում է գտնել գիտությունԸստ Ջորջ ԲալանդիերիԸստ Ջորջ Բալանդիերի, քաղաքական մարդաբանությունը ձգտում է գտնել գիտությունԸստ Ջորջ ԲալանդիերիԸստ Ջորջ Բալանդիերի, քաղաքական մարդաբանությունը ձգտում է գտնել գիտությունԸստ Ջորջ ԲալանդիերիԸստ Ջորջ Բալանդիերի, քաղաքական մարդաբանությունը ձգտում է գտնել գիտությունԸստ Ջորջ ԲալանդիերիԸստ Ջորջ Բալանդիերի, քաղաքական մարդաբանությունը ձգտում է գտնել գիտությունԸստ Ջորջ Բալանդիերի', 'images/blog-img21.jpg', 'images/blog-img21.jpg', '2018-11-01', 'published', 'published,published,published', 'published,published,published', 1, 11, 1, 3, '2018-11-01 14:00:28', NULL),
(3, '3ՀԱՅՈՑ ՀԱՄԱԶԳԱՅԻՆ ՇԱՐԺՄԱՆ ՀԱՅՏԱՐԱՐՈՒԹՅՈՒՆԸ', 'Ըստ Ջորջ Բալանդիերի, քաղաքական մարդաբանությունը ձգտում է գտնել գիտությունԸստ Ջորջ Բալանդիերի', 'Ըստ Ջորջ Բալանդիերի, քաղաքական մարդաբանությունը ձգտում է գտնել գիտությունԸստ Ջորջ ԲալանդիերիԸստ Ջորջ Բալանդիերի, քաղաքական մարդաբանությունը ձգտում է գտնել գիտությունԸստ Ջորջ ԲալանդիերիԸստ Ջորջ Բալանդիերի, քաղաքական մարդաբանությունը ձգտում է գտնել գիտությունԸստ Ջորջ ԲալանդիերիԸստ Ջորջ Բալանդիերի, քաղաքական մարդաբանությունը ձգտում է գտնել գիտությունԸստ Ջորջ ԲալանդիերիԸստ Ջորջ Բալանդիերի, քաղաքական մարդաբանությունը ձգտում է գտնել գիտությունԸստ Ջորջ Բալանդիերի', 'images/blog-img21.jpg', 'images/blog-img21.jpg', '2018-11-01', 'published', 'published,published,published', 'published,published,published', 1, 11, 1, 3, '2018-11-01 14:00:28', NULL),
(4, '2ՀԱՅՈՑ ՀԱՄԱԶԳԱՅԻՆ ՇԱՐԺՄԱՆ ՀԱՅՏԱՐԱՐՈՒԹՅՈՒՆԸ', 'Ըստ Ջորջ Բալանդիերի, քաղաքական մարդաբանությունը ձգտում է գտնել գիտությունԸստ Ջորջ Բալանդիերի', 'Ըստ Ջորջ Բալանդիերի, քաղաքական մարդաբանությունը ձգտում է գտնել գիտությունԸստ Ջորջ ԲալանդիերիԸստ Ջորջ Բալանդիերի, քաղաքական մարդաբանությունը ձգտում է գտնել գիտությունԸստ Ջորջ ԲալանդիերիԸստ Ջորջ Բալանդիերի, քաղաքական մարդաբանությունը ձգտում է գտնել գիտությունԸստ Ջորջ ԲալանդիերիԸստ Ջորջ Բալանդիերի, քաղաքական մարդաբանությունը ձգտում է գտնել գիտությունԸստ Ջորջ ԲալանդիերիԸստ Ջորջ Բալանդիերի, քաղաքական մարդաբանությունը ձգտում է գտնել գիտությունԸստ Ջորջ Բալանդիերի', 'images/politics/blog-img9.jpg', 'images/politics/blog-img9.jpg', '2018-11-01', 'main', 'published,published,published', 'published,published,published', 1, 11, 1, 3, '2018-11-01 14:00:28', NULL);

-- --------------------------------------------------------

--
-- Структура таблицы `taggable_taggables`
--

CREATE TABLE `taggable_taggables` (
  `id` int(11) NOT NULL,
  `tag_id` int(10) UNSIGNED NOT NULL,
  `taggable_id` int(10) UNSIGNED NOT NULL,
  `taggable_type` varchar(191) COLLATE utf8mb4_unicode_ci NOT NULL,
  `created_at` timestamp NULL DEFAULT NULL,
  `updated_at` timestamp NULL DEFAULT NULL
) ENGINE=InnoDB DEFAULT CHARSET=utf8mb4 COLLATE=utf8mb4_unicode_ci;

--
-- Дамп данных таблицы `taggable_taggables`
--

INSERT INTO `taggable_taggables` (`id`, `tag_id`, `taggable_id`, `taggable_type`, `created_at`, `updated_at`) VALUES
(1, 1, 2, 'App\\Post', '2018-10-15 14:00:00', NULL),
(2, 3, 2, 'App\\Post', '2018-10-03 07:00:00', NULL),
(3, 1, 3, 'App\\Post', '2018-10-15 14:00:00', NULL),
(4, 3, 2, 'App\\Post', '2018-10-03 07:00:00', NULL),
(5, 3, 2, 'App\\Post', '2018-10-03 07:00:00', NULL),
(6, 4, 2, 'App\\Post', '2018-10-03 07:00:00', NULL);

-- --------------------------------------------------------

--
-- Структура таблицы `taggable_tags`
--

CREATE TABLE `taggable_tags` (
  `tag_id` int(10) UNSIGNED NOT NULL,
  `name` varchar(191) COLLATE utf8mb4_unicode_ci NOT NULL,
  `normalized` varchar(191) COLLATE utf8mb4_unicode_ci NOT NULL,
  `created_at` timestamp NULL DEFAULT NULL,
  `updated_at` timestamp NULL DEFAULT NULL
) ENGINE=InnoDB DEFAULT CHARSET=utf8mb4 COLLATE=utf8mb4_unicode_ci;

--
-- Дамп данных таблицы `taggable_tags`
--

INSERT INTO `taggable_tags` (`tag_id`, `name`, `normalized`, `created_at`, `updated_at`) VALUES
(1, 'շրջան', 'շրջան', '2018-11-01 12:26:00', NULL),
(2, 'Երևան', 'Երևան', '2018-10-04 12:00:22', NULL),
(3, 'անվտանգություն', 'անվտանգություն', '2018-11-01 12:26:00', NULL),
(4, 'քաղաքականություն', 'քաղաքականություն', '2018-10-04 12:00:22', NULL);

-- --------------------------------------------------------

--
-- Структура таблицы `users`
--

CREATE TABLE `users` (
  `id` int(10) UNSIGNED NOT NULL,
  `name` varchar(191) COLLATE utf8mb4_unicode_ci NOT NULL,
  `email` varchar(191) COLLATE utf8mb4_unicode_ci NOT NULL,
  `password` varchar(191) COLLATE utf8mb4_unicode_ci NOT NULL,
  `remember_token` varchar(100) COLLATE utf8mb4_unicode_ci DEFAULT NULL,
  `created_at` timestamp NULL DEFAULT NULL,
  `updated_at` timestamp NULL DEFAULT NULL
) ENGINE=InnoDB DEFAULT CHARSET=utf8mb4 COLLATE=utf8mb4_unicode_ci;

--
-- Дамп данных таблицы `users`
--

INSERT INTO `users` (`id`, `name`, `email`, `password`, `remember_token`, `created_at`, `updated_at`) VALUES
(1, 'admin', 'admin@orbeli.com', '$2y$10$LrXcFif1JSzpSq.u113PiuaaZ5iQdeIwEghi2WrDXsCtekxJ1Z03a', NULL, '2018-11-02 18:48:56', '2018-11-02 18:48:56');

-- --------------------------------------------------------

--
-- Структура таблицы `videos`
--

CREATE TABLE `videos` (
  `id` int(10) UNSIGNED NOT NULL,
  `title` varchar(191) COLLATE utf8mb4_unicode_ci NOT NULL,
  `short_text` text COLLATE utf8mb4_unicode_ci,
  `html_code` text COLLATE utf8mb4_unicode_ci NOT NULL,
  `img` varchar(191) COLLATE utf8mb4_unicode_ci NOT NULL,
  `date` date NOT NULL,
  `status` varchar(191) COLLATE utf8mb4_unicode_ci NOT NULL DEFAULT 'published',
  `meta_k` text COLLATE utf8mb4_unicode_ci NOT NULL,
  `meta_d` text COLLATE utf8mb4_unicode_ci NOT NULL,
  `duration` varchar(191) COLLATE utf8mb4_unicode_ci NOT NULL DEFAULT '00:00',
  `view` int(11) NOT NULL DEFAULT '1',
  `post_typ` int(10) UNSIGNED NOT NULL,
  `author_id` int(10) UNSIGNED NOT NULL,
  `lang_id` int(10) UNSIGNED NOT NULL,
  `created_at` timestamp NULL DEFAULT NULL,
  `updated_at` timestamp NULL DEFAULT NULL
) ENGINE=InnoDB DEFAULT CHARSET=utf8mb4 COLLATE=utf8mb4_unicode_ci;

--
-- Индексы сохранённых таблиц
--

--
-- Индексы таблицы `authors`
--
ALTER TABLE `authors`
  ADD PRIMARY KEY (`id`),
  ADD KEY `authors_lang_id_foreign` (`lang_id`);

--
-- Индексы таблицы `categories`
--
ALTER TABLE `categories`
  ADD PRIMARY KEY (`id`),
  ADD KEY `categories_lang_id_foreign` (`lang_id`);

--
-- Индексы таблицы `events`
--
ALTER TABLE `events`
  ADD PRIMARY KEY (`id`);

--
-- Индексы таблицы `files`
--
ALTER TABLE `files`
  ADD PRIMARY KEY (`id`),
  ADD KEY `files_post_id_foreign` (`post_id`);

--
-- Индексы таблицы `langs`
--
ALTER TABLE `langs`
  ADD PRIMARY KEY (`id`);

--
-- Индексы таблицы `menus`
--
ALTER TABLE `menus`
  ADD PRIMARY KEY (`id`),
  ADD KEY `menus_lang_id_foreign` (`lang_id`);

--
-- Индексы таблицы `migrations`
--
ALTER TABLE `migrations`
  ADD PRIMARY KEY (`id`);

--
-- Индексы таблицы `opinions`
--
ALTER TABLE `opinions`
  ADD PRIMARY KEY (`id`),
  ADD KEY `opinions_post_typ_foreign` (`post_typ`),
  ADD KEY `opinions_author_id_foreign` (`author_id`),
  ADD KEY `opinions_lang_id_foreign` (`lang_id`);

--
-- Индексы таблицы `password_resets`
--
ALTER TABLE `password_resets`
  ADD KEY `password_resets_email_index` (`email`);

--
-- Индексы таблицы `posts`
--
ALTER TABLE `posts`
  ADD PRIMARY KEY (`id`),
  ADD KEY `posts_post_typ_foreign` (`post_typ`),
  ADD KEY `posts_author_id_foreign` (`author_id`),
  ADD KEY `posts_lang_id_foreign` (`lang_id`);

--
-- Индексы таблицы `taggable_taggables`
--
ALTER TABLE `taggable_taggables`
  ADD PRIMARY KEY (`id`),
  ADD KEY `i_taggable_fwd` (`tag_id`,`taggable_id`),
  ADD KEY `i_taggable_rev` (`taggable_id`,`tag_id`),
  ADD KEY `i_taggable_type` (`taggable_type`);

--
-- Индексы таблицы `taggable_tags`
--
ALTER TABLE `taggable_tags`
  ADD PRIMARY KEY (`tag_id`),
  ADD KEY `taggable_tags_normalized_index` (`normalized`);

--
-- Индексы таблицы `users`
--
ALTER TABLE `users`
  ADD PRIMARY KEY (`id`),
  ADD UNIQUE KEY `users_email_unique` (`email`);

--
-- Индексы таблицы `videos`
--
ALTER TABLE `videos`
  ADD PRIMARY KEY (`id`),
  ADD KEY `videos_post_typ_foreign` (`post_typ`),
  ADD KEY `videos_author_id_foreign` (`author_id`),
  ADD KEY `videos_lang_id_foreign` (`lang_id`);

--
-- AUTO_INCREMENT для сохранённых таблиц
--

--
-- AUTO_INCREMENT для таблицы `authors`
--
ALTER TABLE `authors`
  MODIFY `id` int(10) UNSIGNED NOT NULL AUTO_INCREMENT, AUTO_INCREMENT=21;

--
-- AUTO_INCREMENT для таблицы `categories`
--
ALTER TABLE `categories`
  MODIFY `id` int(10) UNSIGNED NOT NULL AUTO_INCREMENT, AUTO_INCREMENT=16;

--
-- AUTO_INCREMENT для таблицы `events`
--
ALTER TABLE `events`
  MODIFY `id` int(10) UNSIGNED NOT NULL AUTO_INCREMENT, AUTO_INCREMENT=2;

--
-- AUTO_INCREMENT для таблицы `files`
--
ALTER TABLE `files`
  MODIFY `id` int(10) UNSIGNED NOT NULL AUTO_INCREMENT;

--
-- AUTO_INCREMENT для таблицы `langs`
--
ALTER TABLE `langs`
  MODIFY `id` int(10) UNSIGNED NOT NULL AUTO_INCREMENT, AUTO_INCREMENT=4;

--
-- AUTO_INCREMENT для таблицы `menus`
--
ALTER TABLE `menus`
  MODIFY `id` int(10) UNSIGNED NOT NULL AUTO_INCREMENT;

--
-- AUTO_INCREMENT для таблицы `migrations`
--
ALTER TABLE `migrations`
  MODIFY `id` int(10) UNSIGNED NOT NULL AUTO_INCREMENT, AUTO_INCREMENT=33;

--
-- AUTO_INCREMENT для таблицы `opinions`
--
ALTER TABLE `opinions`
  MODIFY `id` int(10) UNSIGNED NOT NULL AUTO_INCREMENT, AUTO_INCREMENT=2;

--
-- AUTO_INCREMENT для таблицы `posts`
--
ALTER TABLE `posts`
  MODIFY `id` int(10) UNSIGNED NOT NULL AUTO_INCREMENT, AUTO_INCREMENT=5;

--
-- AUTO_INCREMENT для таблицы `taggable_taggables`
--
ALTER TABLE `taggable_taggables`
  MODIFY `id` int(11) NOT NULL AUTO_INCREMENT, AUTO_INCREMENT=7;

--
-- AUTO_INCREMENT для таблицы `taggable_tags`
--
ALTER TABLE `taggable_tags`
  MODIFY `tag_id` int(10) UNSIGNED NOT NULL AUTO_INCREMENT, AUTO_INCREMENT=5;

--
-- AUTO_INCREMENT для таблицы `users`
--
ALTER TABLE `users`
  MODIFY `id` int(10) UNSIGNED NOT NULL AUTO_INCREMENT, AUTO_INCREMENT=2;

--
-- AUTO_INCREMENT для таблицы `videos`
--
ALTER TABLE `videos`
  MODIFY `id` int(10) UNSIGNED NOT NULL AUTO_INCREMENT;

--
-- Ограничения внешнего ключа сохраненных таблиц
--

--
-- Ограничения внешнего ключа таблицы `authors`
--
ALTER TABLE `authors`
  ADD CONSTRAINT `authors_lang_id_foreign` FOREIGN KEY (`lang_id`) REFERENCES `langs` (`id`);

--
-- Ограничения внешнего ключа таблицы `categories`
--
ALTER TABLE `categories`
  ADD CONSTRAINT `categories_lang_id_foreign` FOREIGN KEY (`lang_id`) REFERENCES `langs` (`id`);

--
-- Ограничения внешнего ключа таблицы `files`
--
ALTER TABLE `files`
  ADD CONSTRAINT `files_post_id_foreign` FOREIGN KEY (`post_id`) REFERENCES `posts` (`id`);

--
-- Ограничения внешнего ключа таблицы `menus`
--
ALTER TABLE `menus`
  ADD CONSTRAINT `menus_lang_id_foreign` FOREIGN KEY (`lang_id`) REFERENCES `langs` (`id`);

--
-- Ограничения внешнего ключа таблицы `opinions`
--
ALTER TABLE `opinions`
  ADD CONSTRAINT `opinions_author_id_foreign` FOREIGN KEY (`author_id`) REFERENCES `authors` (`id`),
  ADD CONSTRAINT `opinions_lang_id_foreign` FOREIGN KEY (`lang_id`) REFERENCES `langs` (`id`),
  ADD CONSTRAINT `opinions_post_typ_foreign` FOREIGN KEY (`post_typ`) REFERENCES `categories` (`id`);

--
-- Ограничения внешнего ключа таблицы `posts`
--
ALTER TABLE `posts`
  ADD CONSTRAINT `posts_author_id_foreign` FOREIGN KEY (`author_id`) REFERENCES `authors` (`id`),
  ADD CONSTRAINT `posts_lang_id_foreign` FOREIGN KEY (`lang_id`) REFERENCES `langs` (`id`),
  ADD CONSTRAINT `posts_post_typ_foreign` FOREIGN KEY (`post_typ`) REFERENCES `categories` (`id`);

--
-- Ограничения внешнего ключа таблицы `videos`
--
ALTER TABLE `videos`
  ADD CONSTRAINT `videos_author_id_foreign` FOREIGN KEY (`author_id`) REFERENCES `authors` (`id`),
  ADD CONSTRAINT `videos_lang_id_foreign` FOREIGN KEY (`lang_id`) REFERENCES `langs` (`id`),
  ADD CONSTRAINT `videos_post_typ_foreign` FOREIGN KEY (`post_typ`) REFERENCES `categories` (`id`);
COMMIT;

/*!40101 SET CHARACTER_SET_CLIENT=@OLD_CHARACTER_SET_CLIENT */;
/*!40101 SET CHARACTER_SET_RESULTS=@OLD_CHARACTER_SET_RESULTS */;
/*!40101 SET COLLATION_CONNECTION=@OLD_COLLATION_CONNECTION */;
